scenario_id,device_platform,cpu_architecture,available_ram_bytes,available_flash_bytes,crypto_function,required_security_category,application_scenario,bandwidth_limit_kbps,max_latency_ms,power_limit_mw,threat_model,weak_label_candidates,label_source,label_status,scenario_source,notes
S001,NUCLEO-L4R5ZI,ARM Cortex-M4,655360,2097152,KEM,1,quantum-safe session key establishment,,,,,ML-KEM-512; ML-KEM-768; ML-KEM-1024,weak rule-based label: NIST security category + current Cortex-M4 resource evidence,needs_human_review,course prototype scenario built from real pqm4-supported Cortex-M4 board capacity,Not expert Ground Truth; must be reviewed before model evaluation.
S002,NUCLEO-L4R5ZI,ARM Cortex-M4,655360,2097152,KEM,3,quantum-safe session key establishment,,,,,ML-KEM-768; ML-KEM-1024,weak rule-based label: NIST security category + current Cortex-M4 resource evidence,needs_human_review,course prototype scenario built from real pqm4-supported Cortex-M4 board capacity,Not expert Ground Truth; must be reviewed before model evaluation.
S003,NUCLEO-L4R5ZI,ARM Cortex-M4,655360,2097152,KEM,5,quantum-safe session key establishment,,,,,ML-KEM-1024,weak rule-based label: NIST security category + current Cortex-M4 resource evidence,needs_human_review,course prototype scenario built from real pqm4-supported Cortex-M4 board capacity,Not expert Ground Truth; must be reviewed before model evaluation.
S004,NUCLEO-L4R5ZI,ARM Cortex-M4,655360,2097152,Digital Signature,2,secure firmware update / device authentication,,,,,ML-DSA-44; ML-DSA-65; ML-DSA-87,weak rule-based label: NIST security category + current Cortex-M4 resource evidence,needs_human_review,course prototype scenario built from real pqm4-supported Cortex-M4 board capacity,Not expert Ground Truth; must be reviewed before model evaluation.
S005,NUCLEO-L4R5ZI,ARM Cortex-M4,655360,2097152,Digital Signature,3,secure firmware update / device authentication,,,,,ML-DSA-65; ML-DSA-87,weak rule-based label: NIST security category + current Cortex-M4 resource evidence,needs_human_review,course prototype scenario built from real pqm4-supported Cortex-M4 board capacity,Not expert Ground Truth; must be reviewed before model evaluation.
S006,NUCLEO-L4R5ZI,ARM Cortex-M4,655360,2097152,Digital Signature,5,secure firmware update / device authentication,,,,,ML-DSA-87,weak rule-based label: NIST security category + current Cortex-M4 resource evidence,needs_human_review,course prototype scenario built from real pqm4-supported Cortex-M4 board capacity,Not expert Ground Truth; must be reviewed before model evaluation.
S007,STM32F4 Discovery,ARM Cortex-M4,196608,1048576,KEM,1,quantum-safe session key establishment,,,,,ML-KEM-512; ML-KEM-768; ML-KEM-1024,weak rule-based label: NIST security category + current Cortex-M4 resource evidence,needs_human_review,course prototype scenario built from real pqm4-supported Cortex-M4 board capacity,Not expert Ground Truth; must be reviewed before model evaluation.
S008,STM32F4 Discovery,ARM Cortex-M4,196608,1048576,KEM,3,quantum-safe session key establishment,,,,,ML-KEM-768; ML-KEM-1024,weak rule-based label: NIST security category + current Cortex-M4 resource evidence,needs_human_review,course prototype scenario built from real pqm4-supported Cortex-M4 board capacity,Not expert Ground Truth; must be reviewed before model evaluation.
S009,STM32F4 Discovery,ARM Cortex-M4,196608,1048576,KEM,5,quantum-safe session key establishment,,,,,ML-KEM-1024,weak rule-based label: NIST security category + current Cortex-M4 resource evidence,needs_human_review,course prototype scenario built from real pqm4-supported Cortex-M4 board capacity,Not expert Ground Truth; must be reviewed before model evaluation.
S010,STM32F4 Discovery,ARM Cortex-M4,196608,1048576,Digital Signature,2,secure firmware update / device authentication,,,,,ML-DSA-44; ML-DSA-65; ML-DSA-87,weak rule-based label: NIST security category + current Cortex-M4 resource evidence,needs_human_review,course prototype scenario built from real pqm4-supported Cortex-M4 board capacity,Not expert Ground Truth; must be reviewed before model evaluation.
S011,STM32F4 Discovery,ARM Cortex-M4,196608,1048576,Digital Signature,3,secure firmware update / device authentication,,,,,ML-DSA-65; ML-DSA-87,weak rule-based label: NIST security category + current Cortex-M4 resource evidence,needs_human_review,course prototype scenario built from real pqm4-supported Cortex-M4 board capacity,Not expert Ground Truth; must be reviewed before model evaluation.
S012,STM32F4 Discovery,ARM Cortex-M4,196608,1048576,Digital Signature,5,secure firmware update / device authentication,,,,,ML-DSA-87,weak rule-based label: NIST security category + current Cortex-M4 resource evidence,needs_human_review,course prototype scenario built from real pqm4-supported Cortex-M4 board capacity,Not expert Ground Truth; must be reviewed before model evaluation.
