record_id,algorithm_family,parameter_set,crypto_function,nist_standard,security_category,implementation,cpu_architecture,benchmark_platform_scope,benchmark_frequency_mhz,compiler,keygen_cycles_mean,operation_1,operation_1_cycles_mean,operation_2,operation_2_cycles_mean,keygen_stack_bytes,operation_1_stack_bytes,operation_2_stack_bytes,code_size_total_bytes,public_key_bytes,private_or_decapsulation_key_bytes,ciphertext_or_signature_bytes,standard_status,benchmark_source_url,standard_source_url,benchmark_file_blob_sha,retrieved_date,data_status,notes
E001,ML-KEM,ML-KEM-512,KEM,FIPS 203,1,clean,ARM Cortex-M4,pqm4 embedded benchmark corpus,24,arm-none-eabi-gcc 11.3.1 20220712,595793,Encapsulation,700605,Decapsulation,888653,6152,8784,9560,5116,800,1632,768,NIST standardized,https://github.com/mupq/pqm4/blob/master/benchmarks.csv,https://csrc.nist.gov/pubs/fips/203/final,9a62205f01bb3c848d7bba037c2011a8eadbd0d4,2026-09-29,usable,Benchmark values are from pqm4; platform coverage is limited to Cortex-M4-class embedded targets.
E002,ML-KEM,ML-KEM-512,KEM,FIPS 203,1,m4fspeed,ARM Cortex-M4,pqm4 embedded benchmark corpus,24,arm-none-eabi-gcc 11.3.1 20220712,392423,Encapsulation,390881,Decapsulation,428167,4372,5436,5412,15848,800,1632,768,NIST standardized,https://github.com/mupq/pqm4/blob/master/benchmarks.csv,https://csrc.nist.gov/pubs/fips/203/final,9a62205f01bb3c848d7bba037c2011a8eadbd0d4,2026-09-29,usable,Benchmark values are from pqm4; platform coverage is limited to Cortex-M4-class embedded targets.
E003,ML-KEM,ML-KEM-512,KEM,FIPS 203,1,m4fstack,ARM Cortex-M4,pqm4 embedded benchmark corpus,24,arm-none-eabi-gcc 11.3.1 20220712,392224,Encapsulation,392864,Decapsulation,430202,2300,2348,2332,13328,800,1632,768,NIST standardized,https://github.com/mupq/pqm4/blob/master/benchmarks.csv,https://csrc.nist.gov/pubs/fips/203/final,9a62205f01bb3c848d7bba037c2011a8eadbd0d4,2026-09-29,usable,Benchmark values are from pqm4; platform coverage is limited to Cortex-M4-class embedded targets.
E004,ML-KEM,ML-KEM-768,KEM,FIPS 203,3,clean,ARM Cortex-M4,pqm4 embedded benchmark corpus,24,arm-none-eabi-gcc 11.3.1 20220712,988722,Encapsulation,1138225,Decapsulation,1387984,10248,13384,14480,5120,1184,2400,1088,NIST standardized,https://github.com/mupq/pqm4/blob/master/benchmarks.csv,https://csrc.nist.gov/pubs/fips/203/final,9a62205f01bb3c848d7bba037c2011a8eadbd0d4,2026-09-29,usable,Benchmark values are from pqm4; platform coverage is limited to Cortex-M4-class embedded targets.
E005,ML-KEM,ML-KEM-768,KEM,FIPS 203,3,m4fspeed,ARM Cortex-M4,pqm4 embedded benchmark corpus,24,arm-none-eabi-gcc 11.3.1 20220712,642096,Encapsulation,658754,Decapsulation,707827,5396,6468,6452,16016,1184,2400,1088,NIST standardized,https://github.com/mupq/pqm4/blob/master/benchmarks.csv,https://csrc.nist.gov/pubs/fips/203/final,9a62205f01bb3c848d7bba037c2011a8eadbd0d4,2026-09-29,usable,Benchmark values are from pqm4; platform coverage is limited to Cortex-M4-class embedded targets.
E006,ML-KEM,ML-KEM-768,KEM,FIPS 203,3,m4fstack,ARM Cortex-M4,pqm4 embedded benchmark corpus,24,arm-none-eabi-gcc 11.3.1 20220712,644195,Encapsulation,664654,Decapsulation,714194,2820,2860,2844,13320,1184,2400,1088,NIST standardized,https://github.com/mupq/pqm4/blob/master/benchmarks.csv,https://csrc.nist.gov/pubs/fips/203/final,9a62205f01bb3c848d7bba037c2011a8eadbd0d4,2026-09-29,usable,Benchmark values are from pqm4; platform coverage is limited to Cortex-M4-class embedded targets.
E007,ML-KEM,ML-KEM-1024,KEM,FIPS 203,5,clean,ARM Cortex-M4,pqm4 embedded benchmark corpus,24,arm-none-eabi-gcc 11.3.1 20220712,1536343,Encapsulation,1708071,Decapsulation,2020327,15128,18776,20352,6160,1568,3168,1568,NIST standardized,https://github.com/mupq/pqm4/blob/master/benchmarks.csv,https://csrc.nist.gov/pubs/fips/203/final,9a62205f01bb3c848d7bba037c2011a8eadbd0d4,2026-09-29,usable,Benchmark values are from pqm4; platform coverage is limited to Cortex-M4-class embedded targets.
E008,ML-KEM,ML-KEM-1024,KEM,FIPS 203,5,m4fspeed,ARM Cortex-M4,pqm4 embedded benchmark corpus,24,arm-none-eabi-gcc 11.3.1 20220712,1018976,Encapsulation,1031565,Decapsulation,1094008,6436,7500,7484,16916,1568,3168,1568,NIST standardized,https://github.com/mupq/pqm4/blob/master/benchmarks.csv,https://csrc.nist.gov/pubs/fips/203/final,9a62205f01bb3c848d7bba037c2011a8eadbd0d4,2026-09-29,usable,Benchmark values are from pqm4; platform coverage is limited to Cortex-M4-class embedded targets.
E009,ML-KEM,ML-KEM-1024,KEM,FIPS 203,5,m4fstack,ARM Cortex-M4,pqm4 embedded benchmark corpus,24,arm-none-eabi-gcc 11.3.1 20220712,1020202,Encapsulation,1037953,Decapsulation,1100982,3332,3372,3356,14016,1568,3168,1568,NIST standardized,https://github.com/mupq/pqm4/blob/master/benchmarks.csv,https://csrc.nist.gov/pubs/fips/203/final,9a62205f01bb3c848d7bba037c2011a8eadbd0d4,2026-09-29,usable,Benchmark values are from pqm4; platform coverage is limited to Cortex-M4-class embedded targets.
E010,ML-DSA,ML-DSA-44,Digital Signature,FIPS 204,2,clean,ARM Cortex-M4,pqm4 embedded benchmark corpus,24,arm-none-eabi-gcc 11.3.1 20220712,1874405,Sign,7925955,Verify,2063096,38304,51976,36308,8212,1312,2560,2420,NIST standardized,https://github.com/mupq/pqm4/blob/master/benchmarks.csv,https://csrc.nist.gov/pubs/fips/204/final,9a62205f01bb3c848d7bba037c2011a8eadbd0d4,2026-09-29,usable,Benchmark values are from pqm4; platform coverage is limited to Cortex-M4-class embedded targets.
E011,ML-DSA,ML-DSA-44,Digital Signature,FIPS 204,2,m4f,ARM Cortex-M4,pqm4 embedded benchmark corpus,24,arm-none-eabi-gcc 11.3.1 20220712,1426025,Sign,3943121,Verify,1421623,38296,44816,8912,19592,1312,2560,2420,NIST standardized,https://github.com/mupq/pqm4/blob/master/benchmarks.csv,https://csrc.nist.gov/pubs/fips/204/final,9a62205f01bb3c848d7bba037c2011a8eadbd0d4,2026-09-29,usable,Benchmark values are from pqm4; platform coverage is limited to Cortex-M4-class embedded targets.
E012,ML-DSA,ML-DSA-44,Digital Signature,FIPS 204,2,m4fstack,ARM Cortex-M4,pqm4 embedded benchmark corpus,24,arm-none-eabi-gcc 11.3.1 20220712,1799062,Sign,12134284,Verify,3242333,4408,5080,2712,24844,1312,2560,2420,NIST standardized,https://github.com/mupq/pqm4/blob/master/benchmarks.csv,https://csrc.nist.gov/pubs/fips/204/final,9a62205f01bb3c848d7bba037c2011a8eadbd0d4,2026-09-29,usable,Benchmark values are from pqm4; platform coverage is limited to Cortex-M4-class embedded targets.
E013,ML-DSA,ML-DSA-65,Digital Signature,FIPS 204,3,clean,ARM Cortex-M4,pqm4 embedded benchmark corpus,24,arm-none-eabi-gcc 11.3.1 20220712,3205533,Sign,12359056,Verify,3377305,60832,79624,57736,7724,1952,4032,3309,NIST standardized,https://github.com/mupq/pqm4/blob/master/benchmarks.csv,https://csrc.nist.gov/pubs/fips/204/final,9a62205f01bb3c848d7bba037c2011a8eadbd0d4,2026-09-29,usable,Benchmark values are from pqm4; platform coverage is limited to Cortex-M4-class embedded targets.
E014,ML-DSA,ML-DSA-65,Digital Signature,FIPS 204,3,m4f,ARM Cortex-M4,pqm4 embedded benchmark corpus,24,arm-none-eabi-gcc 11.3.1 20220712,2516006,Sign,6193171,Verify,2415944,60824,68872,9888,19328,1952,4032,3309,NIST standardized,https://github.com/mupq/pqm4/blob/master/benchmarks.csv,https://csrc.nist.gov/pubs/fips/204/final,9a62205f01bb3c848d7bba037c2011a8eadbd0d4,2026-09-29,usable,Benchmark values are from pqm4; platform coverage is limited to Cortex-M4-class embedded targets.
E015,ML-DSA,ML-DSA-65,Digital Signature,FIPS 204,3,m4fstack,ARM Cortex-M4,pqm4 embedded benchmark corpus,24,arm-none-eabi-gcc 11.3.1 20220712,3412622,Sign,24421526,Verify,5732397,4408,6616,2712,24120,1952,4032,3309,NIST standardized,https://github.com/mupq/pqm4/blob/master/benchmarks.csv,https://csrc.nist.gov/pubs/fips/204/final,9a62205f01bb3c848d7bba037c2011a8eadbd0d4,2026-09-29,usable,Benchmark values are from pqm4; platform coverage is limited to Cortex-M4-class embedded targets.
E016,ML-DSA,ML-DSA-87,Digital Signature,FIPS 204,5,clean,ARM Cortex-M4,pqm4 embedded benchmark corpus,24,arm-none-eabi-gcc 11.3.1 20220712,5341863,Sign,15579513,Verify,5610203,97696,122740,92948,8036,2592,4896,4627,NIST standardized,https://github.com/mupq/pqm4/blob/master/benchmarks.csv,https://csrc.nist.gov/pubs/fips/204/final,9a62205f01bb3c848d7bba037c2011a8eadbd0d4,2026-09-29,usable,Benchmark values are from pqm4; platform coverage is limited to Cortex-M4-class embedded targets.
E017,ML-DSA,ML-DSA-87,Digital Signature,FIPS 204,5,m4f,ARM Cortex-M4,pqm4 embedded benchmark corpus,24,arm-none-eabi-gcc 11.3.1 20220712,4275859,Sign,7947380,Verify,4193104,97688,107892,12060,19500,2592,4896,4627,NIST standardized,https://github.com/mupq/pqm4/blob/master/benchmarks.csv,https://csrc.nist.gov/pubs/fips/204/final,9a62205f01bb3c848d7bba037c2011a8eadbd0d4,2026-09-29,usable,Benchmark values are from pqm4; platform coverage is limited to Cortex-M4-class embedded targets.
E018,ML-DSA,ML-DSA-87,Digital Signature,FIPS 204,5,m4fstack,ARM Cortex-M4,pqm4 embedded benchmark corpus,24,arm-none-eabi-gcc 11.3.1 20220712,5820537,Sign,33357899,Verify,9911514,4408,8144,2720,24516,2592,4896,4627,NIST standardized,https://github.com/mupq/pqm4/blob/master/benchmarks.csv,https://csrc.nist.gov/pubs/fips/204/final,9a62205f01bb3c848d7bba037c2011a8eadbd0d4,2026-09-29,usable,Benchmark values are from pqm4; platform coverage is limited to Cortex-M4-class embedded targets.
